{
    "timestamp": "2025-10-25T11:41:14+00:00",
    "analysis_duration": 1.1936790943145752,
    "analysis_memory": 0,
    "mode": "detailed",
    "results": {
        "configuration": {
            "load_time_avg": {
                "value": 2.985382080078125e-5,
                "details": {
                    "iterations": 1000,
                    "total_time": 0.02985382080078125,
                    "memory_delta": 0
                },
                "timestamp": 1761392473.787284
            }
        },
        "yaml_mapping": {
            "source_config_load_avg": {
                "value": 0.00015273809432983398,
                "details": {
                    "iterations": 100,
                    "file_size": 4417,
                    "memory_delta": 0
                },
                "timestamp": 1761392473.802634
            },
            "target_config_load_avg": {
                "value": 0.00024559974670410154,
                "details": {
                    "iterations": 100,
                    "file_size": 7611,
                    "memory_delta": 0
                },
                "timestamp": 1761392473.827255
            }
        },
        "sql_generation": {
            "Artikel_select_avg": {
                "value": 7.480859756469726e-6,
                "details": {
                    "iterations": 1000,
                    "sql_length": 928
                },
                "timestamp": 1761392473.834994
            },
            "Warengruppe_select_avg": {
                "value": 2.716064453125e-6,
                "details": {
                    "iterations": 1000,
                    "sql_length": 229
                },
                "timestamp": 1761392473.837735
            },
            "Dokumente_select_avg": {
                "value": 1.997947692871094e-6,
                "details": {
                    "iterations": 1000,
                    "sql_length": 112
                },
                "timestamp": 1761392473.839753
            }
        },
        "hash": {
            "sha256_avg": {
                "value": 5.393340587615967e-5,
                "details": {
                    "iterations": 10000,
                    "data_size": 11401
                },
                "timestamp": 1761392474.379221
            },
            "md5_avg": {
                "value": 2.7744197845458983e-5,
                "details": {
                    "iterations": 10000,
                    "data_size": 11401
                },
                "timestamp": 1761392474.656758
            },
            "sha1_avg": {
                "value": 2.7967214584350585e-5,
                "details": {
                    "iterations": 10000,
                    "data_size": 11401
                },
                "timestamp": 1761392474.936498
            }
        },
        "memory": {
            "current_usage": {
                "value": 2097152,
                "details": [],
                "timestamp": 1761392474.936621
            },
            "peak_usage": {
                "value": 2097152,
                "details": [],
                "timestamp": 1761392474.936622
            },
            "delta_from_start": {
                "value": 0,
                "details": [],
                "timestamp": 1761392474.936623
            },
            "config_instance_memory": {
                "value": 0,
                "details": [],
                "timestamp": 1761392474.939761
            }
        },
        "file_io": {
            "write_10kb_avg": {
                "value": 3.407001495361328e-5,
                "details": {
                    "iterations": 100
                },
                "timestamp": 1761392474.943358
            },
            "read_10kb_avg": {
                "value": 1.4379024505615235e-5,
                "details": {
                    "iterations": 100
                },
                "timestamp": 1761392474.944823
            },
            "file_exists_avg": {
                "value": 1.4588832855224609e-6,
                "details": {
                    "iterations": 1000
                },
                "timestamp": 1761392474.946315
            },
            "json_log_append_avg": {
                "value": 7.290840148925781e-6,
                "details": {
                    "iterations": 100
                },
                "timestamp": 1761392474.947067
            }
        },
        "class_instantiation": {
            "AFS_MappingLogger": {
                "value": 1.8420219421386719e-6,
                "details": {
                    "iterations": 1000,
                    "memory_delta": 0
                },
                "timestamp": 1761392474.950922
            }
        }
    },
    "recommendations": []
}